object,warning,scene,interacted,participant,order
Frame,Blur,party,TRUE,6,1
InteractablePen,red,normal,TRUE,6,2
PlantSelector,Blur,garage,TRUE,6,3
Frame,popup,open,TRUE,6,4
InteractablePen,no_warning,garage,TRUE,6,5
LightSwitch,Blur,open,TRUE,6,6
InteractablePen,no_warning,party,TRUE,6,7
PlantSelector,popup,normal,TRUE,6,8
LightSwitch,no_warning,party,TRUE,6,9
Frame,Blur,normal,FALSE,6,10
InteractablePen,popup,open,TRUE,6,11
LightSwitch,popup,garage,TRUE,6,12
PlantSelector,Blur,open,FALSE,6,13
Frame,red,garage,FALSE,6,14
PlantSelector,red,party,FALSE,6,15
LightSwitch,red,normal,FALSE,6,16
Frame,scaleDown,party,FALSE,6,17
InteractablePen,Blur,normal,FALSE,6,18
PlantSelector,no_warning,garage,TRUE,6,19
Frame,red,open,FALSE,6,20
InteractablePen,Blur,garage,FALSE,6,21
LightSwitch,popup,open,TRUE,6,22
InteractablePen,popup,party,TRUE,6,23
PlantSelector,red,normal,FALSE,6,24
LightSwitch,Blur,party,FALSE,6,25
Frame,scaleDown,normal,TRUE,6,26
InteractablePen,red,open,FALSE,6,27
LightSwitch,no_warning,garage,TRUE,6,28
PlantSelector,scaleDown,open,FALSE,6,29
Frame,Blur,garage,FALSE,6,30
PlantSelector,Blur,party,FALSE,6,31
LightSwitch,Blur,normal,FALSE,6,32
Frame,red,party,FALSE,6,33
InteractablePen,scaleDown,normal,FALSE,6,34
PlantSelector,popup,garage,TRUE,6,35
Frame,no_warning,open,TRUE,6,36
InteractablePen,red,garage,FALSE,6,37
LightSwitch,scaleDown,open,FALSE,6,38
InteractablePen,scaleDown,party,FALSE,6,39
PlantSelector,no_warning,normal,TRUE,6,40
LightSwitch,red,party,FALSE,6,41
Frame,popup,normal,TRUE,6,42
InteractablePen,scaleDown,open,FALSE,6,43
LightSwitch,Blur,garage,FALSE,6,44
PlantSelector,no_warning,open,FALSE,6,45
Frame,no_warning,garage,TRUE,6,46
PlantSelector,popup,party,FALSE,6,47
LightSwitch,scaleDown,normal,FALSE,6,48
Frame,no_warning,party,TRUE,6,49
InteractablePen,popup,normal,TRUE,6,50
PlantSelector,red,garage,FALSE,6,51
Frame,Blur,open,FALSE,6,52
InteractablePen,popup,garage,TRUE,6,53
LightSwitch,no_warning,open,TRUE,6,54
InteractablePen,Blur,party,FALSE,6,55
PlantSelector,Blur,normal,FALSE,6,56
LightSwitch,scaleDown,party,FALSE,6,57
Frame,no_warning,normal,TRUE,6,58
InteractablePen,no_warning,open,TRUE,6,59
LightSwitch,scaleDown,garage,FALSE,6,60
PlantSelector,red,open,FALSE,6,61
Frame,popup,garage,TRUE,6,62
PlantSelector,scaleDown,party,FALSE,6,63
LightSwitch,no_warning,normal,TRUE,6,64
Frame,popup,party,TRUE,6,65
InteractablePen,no_warning,normal,TRUE,6,66
PlantSelector,scaleDown,garage,FALSE,6,67
Frame,scaleDown,open,FALSE,6,68
InteractablePen,scaleDown,garage,FALSE,6,69
LightSwitch,red,open,TRUE,6,70
InteractablePen,red,party,FALSE,6,71
PlantSelector,scaleDown,normal,FALSE,6,72
LightSwitch,popup,party,FALSE,6,73
Frame,red,normal,FALSE,6,74
InteractablePen,Blur,open,FALSE,6,75
LightSwitch,red,garage,TRUE,6,76
PlantSelector,popup,open,TRUE,6,77
Frame,scaleDown,garage,FALSE,6,78
PlantSelector,no_warning,party,TRUE,6,79
LightSwitch,popup,normal,TRUE,6,80
InteractablePen,no_warning,normal,TRUE,7,1
PlantSelector,scaleDown,garage,TRUE,7,2
Frame,scaleDown,open,TRUE,7,3
InteractablePen,scaleDown,garage,TRUE,7,4
LightSwitch,red,open,TRUE,7,5
InteractablePen,red,party,TRUE,7,6
PlantSelector,scaleDown,normal,TRUE,7,7
LightSwitch,popup,party,TRUE,7,8
Frame,red,normal,FALSE,7,9
InteractablePen,Blur,open,TRUE,7,10
LightSwitch,red,garage,FALSE,7,11
PlantSelector,popup,open,TRUE,7,12
Frame,scaleDown,garage,TRUE,7,13
PlantSelector,no_warning,party,TRUE,7,14
LightSwitch,popup,normal,TRUE,7,15
Frame,Blur,party,TRUE,7,16
InteractablePen,red,normal,FALSE,7,17
PlantSelector,Blur,garage,TRUE,7,18
Frame,popup,open,TRUE,7,19
InteractablePen,no_warning,garage,TRUE,7,20
LightSwitch,Blur,open,TRUE,7,21
InteractablePen,no_warning,party,TRUE,7,22
PlantSelector,popup,normal,TRUE,7,23
LightSwitch,no_warning,party,TRUE,7,24
Frame,Blur,normal,TRUE,7,25
InteractablePen,popup,open,TRUE,7,26
LightSwitch,popup,garage,TRUE,7,27
PlantSelector,Blur,open,TRUE,7,28
Frame,red,garage,FALSE,7,29
PlantSelector,red,party,FALSE,7,30
LightSwitch,red,normal,FALSE,7,31
Frame,scaleDown,party,TRUE,7,32
InteractablePen,Blur,normal,TRUE,7,33
PlantSelector,no_warning,garage,TRUE,7,34
Frame,red,open,FALSE,7,35
InteractablePen,Blur,garage,TRUE,7,36
LightSwitch,popup,open,TRUE,7,37
InteractablePen,popup,party,TRUE,7,38
PlantSelector,red,normal,FALSE,7,39
LightSwitch,Blur,party,TRUE,7,40
Frame,scaleDown,normal,TRUE,7,41
InteractablePen,red,open,FALSE,7,42
LightSwitch,no_warning,garage,TRUE,7,43
PlantSelector,scaleDown,open,TRUE,7,44
Frame,Blur,garage,TRUE,7,45
PlantSelector,Blur,party,TRUE,7,46
LightSwitch,Blur,normal,TRUE,7,47
Frame,red,party,FALSE,7,48
InteractablePen,scaleDown,normal,TRUE,7,49
PlantSelector,popup,garage,TRUE,7,50
Frame,no_warning,open,TRUE,7,51
InteractablePen,red,garage,FALSE,7,52
LightSwitch,scaleDown,open,TRUE,7,53
InteractablePen,scaleDown,party,TRUE,7,54
PlantSelector,no_warning,normal,TRUE,7,55
LightSwitch,red,party,FALSE,7,56
Frame,popup,normal,TRUE,7,57
InteractablePen,scaleDown,open,TRUE,7,58
LightSwitch,Blur,garage,TRUE,7,59
PlantSelector,no_warning,open,TRUE,7,60
Frame,no_warning,garage,TRUE,7,61
PlantSelector,popup,party,TRUE,7,62
LightSwitch,scaleDown,normal,TRUE,7,63
Frame,no_warning,party,TRUE,7,64
InteractablePen,popup,normal,TRUE,7,65
PlantSelector,red,garage,FALSE,7,66
Frame,Blur,open,TRUE,7,67
InteractablePen,popup,garage,TRUE,7,68
LightSwitch,no_warning,open,TRUE,7,69
InteractablePen,Blur,party,TRUE,7,70
PlantSelector,Blur,normal,TRUE,7,71
LightSwitch,scaleDown,party,TRUE,7,72
Frame,no_warning,normal,TRUE,7,73
InteractablePen,no_warning,open,TRUE,7,74
LightSwitch,scaleDown,garage,TRUE,7,75
PlantSelector,red,open,TRUE,7,76
Frame,popup,garage,TRUE,7,77
PlantSelector,scaleDown,party,TRUE,7,78
LightSwitch,no_warning,normal,TRUE,7,79
Frame,popup,party,TRUE,7,80
Frame,popup,open,FALSE,8,1
InteractablePen,no_warning,garage,TRUE,8,2
LightSwitch,Blur,open,FALSE,8,3
InteractablePen,no_warning,party,TRUE,8,4
PlantSelector,popup,normal,TRUE,8,5
LightSwitch,no_warning,party,TRUE,8,6
Frame,Blur,normal,TRUE,8,7
InteractablePen,popup,open,TRUE,8,8
LightSwitch,popup,garage,TRUE,8,9
PlantSelector,Blur,open,FALSE,8,10
Frame,red,garage,FALSE,8,11
PlantSelector,red,party,FALSE,8,12
LightSwitch,red,normal,FALSE,8,13
Frame,scaleDown,party,TRUE,8,14
InteractablePen,Blur,normal,FALSE,8,15
PlantSelector,no_warning,garage,TRUE,8,16
Frame,red,open,FALSE,8,17
InteractablePen,Blur,garage,FALSE,8,18
LightSwitch,popup,open,TRUE,8,19
InteractablePen,popup,party,FALSE,8,20
PlantSelector,red,normal,FALSE,8,21
LightSwitch,Blur,party,FALSE,8,22
Frame,scaleDown,normal,TRUE,8,23
InteractablePen,red,open,FALSE,8,24
LightSwitch,no_warning,garage,FALSE,8,25
PlantSelector,scaleDown,open,TRUE,8,26
Frame,Blur,garage,FALSE,8,27
PlantSelector,Blur,party,FALSE,8,28
LightSwitch,Blur,normal,FALSE,8,29
Frame,red,party,FALSE,8,30
InteractablePen,scaleDown,normal,FALSE,8,31
PlantSelector,popup,garage,TRUE,8,32
Frame,no_warning,open,TRUE,8,33
InteractablePen,red,garage,FALSE,8,34
LightSwitch,scaleDown,open,FALSE,8,35
InteractablePen,scaleDown,party,FALSE,8,36
PlantSelector,no_warning,normal,TRUE,8,37
LightSwitch,red,party,FALSE,8,38
Frame,popup,normal,TRUE,8,39
InteractablePen,scaleDown,open,FALSE,8,40
LightSwitch,Blur,garage,FALSE,8,41
PlantSelector,no_warning,open,TRUE,8,42
Frame,no_warning,garage,TRUE,8,43
PlantSelector,popup,party,TRUE,8,44
LightSwitch,scaleDown,normal,FALSE,8,45
Frame,no_warning,party,TRUE,8,46
InteractablePen,popup,normal,FALSE,8,47
PlantSelector,red,garage,FALSE,8,48
Frame,Blur,open,FALSE,8,49
InteractablePen,popup,garage,FALSE,8,50
LightSwitch,no_warning,open,FALSE,8,51
InteractablePen,Blur,party,FALSE,8,52
PlantSelector,Blur,normal,FALSE,8,53
LightSwitch,scaleDown,party,FALSE,8,54
Frame,no_warning,normal,TRUE,8,55
InteractablePen,no_warning,open,FALSE,8,56
LightSwitch,scaleDown,garage,FALSE,8,57
PlantSelector,red,open,FALSE,8,58
Frame,popup,garage,TRUE,8,59
PlantSelector,scaleDown,party,FALSE,8,60
LightSwitch,no_warning,normal,FALSE,8,61
Frame,popup,party,TRUE,8,62
InteractablePen,no_warning,normal,FALSE,8,63
PlantSelector,scaleDown,garage,FALSE,8,64
Frame,scaleDown,open,FALSE,8,65
InteractablePen,scaleDown,garage,FALSE,8,66
LightSwitch,red,open,FALSE,8,67
InteractablePen,red,party,FALSE,8,68
PlantSelector,scaleDown,normal,FALSE,8,69
LightSwitch,popup,party,FALSE,8,70
Frame,red,normal,FALSE,8,71
InteractablePen,Blur,open,FALSE,8,72
LightSwitch,red,garage,FALSE,8,73
PlantSelector,popup,open,TRUE,8,74
Frame,scaleDown,garage,FALSE,8,75
PlantSelector,no_warning,party,TRUE,8,76
LightSwitch,popup,normal,TRUE,8,77
Frame,Blur,party,FALSE,8,78
InteractablePen,red,normal,FALSE,8,79
PlantSelector,Blur,garage,FALSE,8,80
LightSwitch,no_warning,garage,TRUE,9,1
PlantSelector,scaleDown,open,TRUE,9,2
Frame,Blur,garage,TRUE,9,3
PlantSelector,Blur,party,TRUE,9,4
LightSwitch,Blur,normal,TRUE,9,5
Frame,red,party,TRUE,9,6
InteractablePen,scaleDown,normal,TRUE,9,7
PlantSelector,popup,garage,TRUE,9,8
Frame,no_warning,open,TRUE,9,9
InteractablePen,red,garage,TRUE,9,10
LightSwitch,scaleDown,open,TRUE,9,11
InteractablePen,scaleDown,party,TRUE,9,12
PlantSelector,no_warning,normal,TRUE,9,13
LightSwitch,red,party,TRUE,9,14
Frame,popup,normal,TRUE,9,15
InteractablePen,scaleDown,open,TRUE,9,16
LightSwitch,Blur,garage,TRUE,9,17
PlantSelector,no_warning,open,TRUE,9,18
Frame,no_warning,garage,TRUE,9,19
PlantSelector,popup,party,TRUE,9,20
LightSwitch,scaleDown,normal,TRUE,9,21
Frame,no_warning,party,TRUE,9,22
InteractablePen,popup,normal,TRUE,9,23
PlantSelector,red,garage,TRUE,9,24
Frame,Blur,open,TRUE,9,25
InteractablePen,popup,garage,TRUE,9,26
LightSwitch,no_warning,open,TRUE,9,27
InteractablePen,Blur,party,TRUE,9,28
PlantSelector,Blur,normal,TRUE,9,29
LightSwitch,scaleDown,party,TRUE,9,30
Frame,no_warning,normal,TRUE,9,31
InteractablePen,no_warning,open,TRUE,9,32
LightSwitch,scaleDown,garage,TRUE,9,33
PlantSelector,red,open,TRUE,9,34
Frame,popup,garage,TRUE,9,35
PlantSelector,scaleDown,party,TRUE,9,36
LightSwitch,no_warning,normal,TRUE,9,37
Frame,popup,party,TRUE,9,38
InteractablePen,no_warning,normal,TRUE,9,39
PlantSelector,scaleDown,garage,TRUE,9,40
Frame,scaleDown,open,FALSE,9,41
InteractablePen,scaleDown,garage,TRUE,9,42
LightSwitch,red,open,FALSE,9,43
InteractablePen,red,party,FALSE,9,44
PlantSelector,scaleDown,normal,TRUE,9,45
LightSwitch,popup,party,TRUE,9,46
Frame,red,normal,FALSE,9,47
InteractablePen,Blur,open,TRUE,9,48
LightSwitch,red,garage,FALSE,9,49
PlantSelector,popup,open,TRUE,9,50
Frame,scaleDown,garage,TRUE,9,51
PlantSelector,no_warning,party,TRUE,9,52
LightSwitch,popup,normal,TRUE,9,53
Frame,Blur,party,TRUE,9,54
InteractablePen,red,normal,FALSE,9,55
PlantSelector,Blur,garage,TRUE,9,56
Frame,popup,open,TRUE,9,57
InteractablePen,no_warning,garage,TRUE,9,58
LightSwitch,Blur,open,TRUE,9,59
InteractablePen,no_warning,party,TRUE,9,60
PlantSelector,popup,normal,TRUE,9,61
LightSwitch,no_warning,party,TRUE,9,62
Frame,Blur,normal,TRUE,9,63
InteractablePen,popup,open,TRUE,9,64
LightSwitch,popup,garage,TRUE,9,65
PlantSelector,Blur,open,TRUE,9,66
Frame,red,garage,FALSE,9,67
PlantSelector,red,party,FALSE,9,68
LightSwitch,red,normal,FALSE,9,69
Frame,scaleDown,party,TRUE,9,70
InteractablePen,Blur,normal,TRUE,9,71
PlantSelector,no_warning,garage,TRUE,9,72
Frame,red,open,FALSE,9,73
InteractablePen,Blur,garage,TRUE,9,74
LightSwitch,popup,open,TRUE,9,75
InteractablePen,popup,party,TRUE,9,76
PlantSelector,red,normal,FALSE,9,77
LightSwitch,Blur,party,TRUE,9,78
Frame,scaleDown,normal,TRUE,9,79
InteractablePen,red,open,FALSE,9,80
PlantSelector,red,open,TRUE,10,1
Frame,popup,garage,TRUE,10,2
PlantSelector,scaleDown,party,TRUE,10,3
LightSwitch,no_warning,normal,TRUE,10,4
Frame,popup,party,TRUE,10,5
InteractablePen,no_warning,normal,TRUE,10,6
PlantSelector,scaleDown,garage,TRUE,10,7
Frame,scaleDown,open,TRUE,10,8
InteractablePen,scaleDown,garage,TRUE,10,9
LightSwitch,red,open,TRUE,10,10
InteractablePen,red,party,TRUE,10,11
PlantSelector,scaleDown,normal,TRUE,10,12
LightSwitch,popup,party,TRUE,10,13
Frame,red,normal,TRUE,10,14
InteractablePen,Blur,open,TRUE,10,15
LightSwitch,red,garage,TRUE,10,16
PlantSelector,popup,open,TRUE,10,17
Frame,scaleDown,garage,TRUE,10,18
PlantSelector,no_warning,party,TRUE,10,19
LightSwitch,popup,normal,TRUE,10,20
Frame,Blur,party,TRUE,10,21
InteractablePen,red,normal,FALSE,10,22
PlantSelector,Blur,garage,TRUE,10,23
Frame,popup,open,TRUE,10,24
InteractablePen,no_warning,garage,TRUE,10,25
LightSwitch,Blur,open,TRUE,10,26
InteractablePen,no_warning,party,TRUE,10,27
PlantSelector,popup,normal,TRUE,10,28
LightSwitch,no_warning,party,TRUE,10,29
Frame,Blur,normal,TRUE,10,30
InteractablePen,popup,open,TRUE,10,31
LightSwitch,popup,garage,TRUE,10,32
PlantSelector,Blur,open,TRUE,10,33
Frame,red,garage,TRUE,10,34
PlantSelector,red,party,TRUE,10,35
LightSwitch,red,normal,TRUE,10,36
Frame,scaleDown,party,TRUE,10,37
InteractablePen,Blur,normal,TRUE,10,38
PlantSelector,no_warning,garage,TRUE,10,39
Frame,red,open,TRUE,10,40
InteractablePen,Blur,garage,TRUE,10,41
LightSwitch,popup,open,TRUE,10,42
InteractablePen,popup,party,TRUE,10,43
PlantSelector,red,normal,TRUE,10,44
LightSwitch,Blur,party,TRUE,10,45
Frame,scaleDown,normal,TRUE,10,46
InteractablePen,red,open,TRUE,10,47
LightSwitch,no_warning,garage,TRUE,10,48
PlantSelector,scaleDown,open,TRUE,10,49
Frame,Blur,garage,TRUE,10,50
PlantSelector,Blur,party,TRUE,10,51
LightSwitch,Blur,normal,TRUE,10,52
Frame,red,party,TRUE,10,53
InteractablePen,scaleDown,normal,TRUE,10,54
PlantSelector,popup,garage,TRUE,10,55
Frame,no_warning,open,TRUE,10,56
InteractablePen,red,garage,TRUE,10,57
LightSwitch,scaleDown,open,TRUE,10,58
InteractablePen,scaleDown,party,TRUE,10,59
PlantSelector,no_warning,normal,TRUE,10,60
LightSwitch,red,party,TRUE,10,61
Frame,popup,normal,TRUE,10,62
InteractablePen,scaleDown,open,TRUE,10,63
LightSwitch,Blur,garage,TRUE,10,64
PlantSelector,no_warning,open,TRUE,10,65
Frame,no_warning,garage,TRUE,10,66
PlantSelector,popup,party,TRUE,10,67
LightSwitch,scaleDown,normal,TRUE,10,68
Frame,no_warning,party,TRUE,10,69
InteractablePen,popup,normal,TRUE,10,70
PlantSelector,red,garage,TRUE,10,71
Frame,Blur,open,TRUE,10,72
InteractablePen,popup,garage,TRUE,10,73
LightSwitch,no_warning,open,TRUE,10,74
InteractablePen,Blur,party,TRUE,10,75
PlantSelector,Blur,normal,TRUE,10,76
LightSwitch,scaleDown,party,TRUE,10,77
Frame,no_warning,normal,TRUE,10,78
InteractablePen,no_warning,open,TRUE,10,79
LightSwitch,scaleDown,garage,TRUE,10,80
Frame,scaleDown,normal,TRUE,11,1
InteractablePen,red,open,TRUE,11,2
LightSwitch,no_warning,garage,TRUE,11,3
PlantSelector,scaleDown,open,TRUE,11,4
Frame,Blur,garage,TRUE,11,5
PlantSelector,Blur,party,TRUE,11,6
LightSwitch,Blur,normal,TRUE,11,7
Frame,red,party,FALSE,11,8
InteractablePen,scaleDown,normal,TRUE,11,9
PlantSelector,popup,garage,TRUE,11,10
Frame,no_warning,open,TRUE,11,11
InteractablePen,red,garage,TRUE,11,12
LightSwitch,scaleDown,open,TRUE,11,13
InteractablePen,scaleDown,party,TRUE,11,14
PlantSelector,no_warning,normal,TRUE,11,15
LightSwitch,red,party,FALSE,11,16
Frame,popup,normal,TRUE,11,17
InteractablePen,scaleDown,open,TRUE,11,18
LightSwitch,Blur,garage,TRUE,11,19
PlantSelector,no_warning,open,TRUE,11,20
Frame,no_warning,garage,TRUE,11,21
PlantSelector,popup,party,TRUE,11,22
LightSwitch,scaleDown,normal,FALSE,11,23
Frame,no_warning,party,TRUE,11,24
InteractablePen,popup,normal,TRUE,11,25
PlantSelector,red,garage,FALSE,11,26
Frame,Blur,open,TRUE,11,27
InteractablePen,popup,garage,TRUE,11,28
LightSwitch,no_warning,open,TRUE,11,29
InteractablePen,Blur,party,TRUE,11,30
PlantSelector,Blur,normal,TRUE,11,31
LightSwitch,scaleDown,party,FALSE,11,32
Frame,no_warning,normal,TRUE,11,33
InteractablePen,no_warning,open,TRUE,11,34
LightSwitch,scaleDown,garage,FALSE,11,35
PlantSelector,red,open,FALSE,11,36
Frame,popup,garage,TRUE,11,37
PlantSelector,scaleDown,party,FALSE,11,38
LightSwitch,no_warning,normal,TRUE,11,39
Frame,popup,party,TRUE,11,40
InteractablePen,no_warning,normal,TRUE,11,41
PlantSelector,scaleDown,garage,FALSE,11,42
Frame,scaleDown,open,TRUE,11,43
InteractablePen,scaleDown,garage,TRUE,11,44
LightSwitch,red,open,FALSE,11,45
InteractablePen,red,party,FALSE,11,46
PlantSelector,scaleDown,normal,FALSE,11,47
LightSwitch,popup,party,TRUE,11,48
Frame,red,normal,FALSE,11,49
InteractablePen,Blur,open,TRUE,11,50
LightSwitch,red,garage,FALSE,11,51
PlantSelector,popup,open,TRUE,11,52
Frame,scaleDown,garage,FALSE,11,53
PlantSelector,no_warning,party,TRUE,11,54
LightSwitch,popup,normal,TRUE,11,55
Frame,Blur,party,TRUE,11,56
InteractablePen,red,normal,FALSE,11,57
PlantSelector,Blur,garage,TRUE,11,58
Frame,popup,open,TRUE,11,59
InteractablePen,no_warning,garage,TRUE,11,60
LightSwitch,Blur,open,TRUE,11,61
InteractablePen,no_warning,party,TRUE,11,62
PlantSelector,popup,normal,TRUE,11,63
LightSwitch,no_warning,party,TRUE,11,64
Frame,Blur,normal,TRUE,11,65
InteractablePen,popup,open,TRUE,11,66
LightSwitch,popup,garage,TRUE,11,67
PlantSelector,Blur,open,TRUE,11,68
Frame,red,garage,FALSE,11,69
PlantSelector,red,party,FALSE,11,70
LightSwitch,red,normal,FALSE,11,71
Frame,scaleDown,party,FALSE,11,72
InteractablePen,Blur,normal,TRUE,11,73
PlantSelector,no_warning,garage,TRUE,11,74
Frame,red,open,FALSE,11,75
InteractablePen,Blur,garage,TRUE,11,76
LightSwitch,popup,open,TRUE,11,77
InteractablePen,popup,party,TRUE,11,78
PlantSelector,red,normal,FALSE,11,79
LightSwitch,Blur,party,TRUE,11,80
PlantSelector,scaleDown,party,TRUE,12,1
LightSwitch,no_warning,normal,TRUE,12,2
Frame,popup,party,TRUE,12,3
InteractablePen,no_warning,normal,TRUE,12,4
PlantSelector,scaleDown,garage,TRUE,12,5
Frame,scaleDown,open,TRUE,12,6
InteractablePen,scaleDown,garage,TRUE,12,7
LightSwitch,red,open,TRUE,12,8
InteractablePen,red,party,TRUE,12,9
PlantSelector,scaleDown,normal,TRUE,12,10
LightSwitch,popup,party,TRUE,12,11
Frame,red,normal,TRUE,12,12
InteractablePen,Blur,open,TRUE,12,13
LightSwitch,red,garage,TRUE,12,14
PlantSelector,popup,open,TRUE,12,15
Frame,scaleDown,garage,TRUE,12,16
PlantSelector,no_warning,party,TRUE,12,17
LightSwitch,popup,normal,TRUE,12,18
Frame,Blur,party,TRUE,12,19
InteractablePen,red,normal,TRUE,12,20
PlantSelector,Blur,garage,TRUE,12,21
Frame,popup,open,TRUE,12,22
InteractablePen,no_warning,garage,TRUE,12,23
LightSwitch,Blur,open,TRUE,12,24
InteractablePen,no_warning,party,TRUE,12,25
PlantSelector,popup,normal,TRUE,12,26
LightSwitch,no_warning,party,TRUE,12,27
Frame,Blur,normal,TRUE,12,28
InteractablePen,popup,open,TRUE,12,29
LightSwitch,popup,garage,TRUE,12,30
PlantSelector,Blur,open,TRUE,12,31
Frame,red,garage,TRUE,12,32
PlantSelector,red,party,TRUE,12,33
LightSwitch,red,normal,TRUE,12,34
Frame,scaleDown,party,TRUE,12,35
InteractablePen,Blur,normal,TRUE,12,36
PlantSelector,no_warning,garage,TRUE,12,37
Frame,red,open,TRUE,12,38
InteractablePen,Blur,garage,TRUE,12,39
LightSwitch,popup,open,TRUE,12,40
InteractablePen,popup,party,TRUE,12,41
PlantSelector,red,normal,TRUE,12,42
LightSwitch,Blur,party,TRUE,12,43
Frame,scaleDown,normal,TRUE,12,44
InteractablePen,red,open,TRUE,12,45
LightSwitch,no_warning,garage,TRUE,12,46
PlantSelector,scaleDown,open,TRUE,12,47
Frame,Blur,garage,TRUE,12,48
PlantSelector,Blur,party,TRUE,12,49
LightSwitch,Blur,normal,TRUE,12,50
Frame,red,party,TRUE,12,51
InteractablePen,scaleDown,normal,TRUE,12,52
PlantSelector,popup,garage,TRUE,12,53
Frame,no_warning,open,TRUE,12,54
InteractablePen,red,garage,TRUE,12,55
LightSwitch,scaleDown,open,TRUE,12,56
InteractablePen,scaleDown,party,TRUE,12,57
PlantSelector,no_warning,normal,TRUE,12,58
LightSwitch,red,party,TRUE,12,59
Frame,popup,normal,TRUE,12,60
InteractablePen,scaleDown,open,TRUE,12,61
LightSwitch,Blur,garage,TRUE,12,62
PlantSelector,no_warning,open,TRUE,12,63
Frame,no_warning,garage,TRUE,12,64
PlantSelector,popup,party,TRUE,12,65
LightSwitch,scaleDown,normal,TRUE,12,66
Frame,no_warning,party,TRUE,12,67
InteractablePen,popup,normal,TRUE,12,68
PlantSelector,red,garage,TRUE,12,69
Frame,Blur,open,TRUE,12,70
InteractablePen,popup,garage,TRUE,12,71
LightSwitch,no_warning,open,TRUE,12,72
InteractablePen,Blur,party,TRUE,12,73
PlantSelector,Blur,normal,TRUE,12,74
LightSwitch,scaleDown,party,TRUE,12,75
Frame,no_warning,normal,TRUE,12,76
InteractablePen,no_warning,open,TRUE,12,77
LightSwitch,scaleDown,garage,TRUE,12,78
PlantSelector,red,open,TRUE,12,79
Frame,popup,garage,TRUE,12,80
Frame,Blur,party,FALSE,13,1
InteractablePen,red,normal,FALSE,13,2
PlantSelector,Blur,garage,FALSE,13,3
Frame,popup,open,TRUE,13,4
InteractablePen,no_warning,garage,TRUE,13,5
LightSwitch,Blur,open,TRUE,13,6
InteractablePen,no_warning,party,TRUE,13,7
PlantSelector,popup,normal,TRUE,13,8
LightSwitch,no_warning,party,TRUE,13,9
Frame,Blur,normal,TRUE,13,10
InteractablePen,popup,open,TRUE,13,11
LightSwitch,popup,garage,TRUE,13,12
PlantSelector,Blur,open,FALSE,13,13
Frame,red,garage,FALSE,13,14
PlantSelector,red,party,FALSE,13,15
LightSwitch,red,normal,FALSE,13,16
Frame,scaleDown,party,TRUE,13,17
InteractablePen,Blur,normal,FALSE,13,18
PlantSelector,no_warning,garage,TRUE,13,19
Frame,red,open,FALSE,13,20
InteractablePen,Blur,garage,FALSE,13,21
LightSwitch,popup,open,TRUE,13,22
InteractablePen,popup,party,TRUE,13,23
PlantSelector,red,normal,FALSE,13,24
LightSwitch,Blur,party,FALSE,13,25
Frame,scaleDown,normal,TRUE,13,26
InteractablePen,red,open,FALSE,13,27
LightSwitch,no_warning,garage,TRUE,13,28
PlantSelector,scaleDown,open,TRUE,13,29
Frame,Blur,garage,TRUE,13,30
PlantSelector,Blur,party,FALSE,13,31
LightSwitch,Blur,normal,FALSE,13,32
Frame,red,party,FALSE,13,33
InteractablePen,scaleDown,normal,TRUE,13,34
PlantSelector,popup,garage,TRUE,13,35
Frame,no_warning,open,TRUE,13,36
InteractablePen,red,garage,FALSE,13,37
LightSwitch,scaleDown,open,TRUE,13,38
InteractablePen,scaleDown,party,TRUE,13,39
PlantSelector,no_warning,normal,TRUE,13,40
LightSwitch,red,party,FALSE,13,41
Frame,popup,normal,TRUE,13,42
InteractablePen,scaleDown,open,TRUE,13,43
LightSwitch,Blur,garage,FALSE,13,44
PlantSelector,no_warning,open,TRUE,13,45
Frame,no_warning,garage,TRUE,13,46
PlantSelector,popup,party,TRUE,13,47
LightSwitch,scaleDown,normal,TRUE,13,48
Frame,no_warning,party,TRUE,13,49
InteractablePen,popup,normal,TRUE,13,50
PlantSelector,red,garage,FALSE,13,51
Frame,Blur,open,TRUE,13,52
InteractablePen,popup,garage,TRUE,13,53
LightSwitch,no_warning,open,TRUE,13,54
InteractablePen,Blur,party,FALSE,13,55
PlantSelector,Blur,normal,FALSE,13,56
LightSwitch,scaleDown,party,TRUE,13,57
Frame,no_warning,normal,TRUE,13,58
InteractablePen,no_warning,open,TRUE,13,59
LightSwitch,scaleDown,garage,TRUE,13,60
PlantSelector,red,open,FALSE,13,61
Frame,popup,garage,TRUE,13,62
PlantSelector,scaleDown,party,TRUE,13,63
LightSwitch,no_warning,normal,TRUE,13,64
Frame,popup,party,TRUE,13,65
InteractablePen,no_warning,normal,TRUE,13,66
PlantSelector,scaleDown,garage,TRUE,13,67
Frame,scaleDown,open,TRUE,13,68
InteractablePen,scaleDown,garage,TRUE,13,69
LightSwitch,red,open,FALSE,13,70
InteractablePen,red,party,FALSE,13,71
PlantSelector,scaleDown,normal,TRUE,13,72
LightSwitch,popup,party,TRUE,13,73
Frame,red,normal,FALSE,13,74
InteractablePen,Blur,open,FALSE,13,75
LightSwitch,red,garage,FALSE,13,76
PlantSelector,popup,open,TRUE,13,77
Frame,scaleDown,garage,TRUE,13,78
PlantSelector,no_warning,party,TRUE,13,79
LightSwitch,popup,normal,TRUE,13,80
Frame,Blur,party,TRUE,14,1
InteractablePen,red,normal,TRUE,14,2
PlantSelector,Blur,garage,TRUE,14,3
Frame,popup,open,TRUE,14,4
InteractablePen,no_warning,garage,TRUE,14,5
LightSwitch,Blur,open,TRUE,14,6
InteractablePen,no_warning,party,TRUE,14,7
PlantSelector,popup,normal,TRUE,14,8
LightSwitch,no_warning,party,TRUE,14,9
Frame,Blur,normal,TRUE,14,10
InteractablePen,popup,open,TRUE,14,11
LightSwitch,popup,garage,TRUE,14,12
PlantSelector,Blur,open,FALSE,14,13
Frame,red,garage,FALSE,14,14
PlantSelector,red,party,FALSE,14,15
LightSwitch,red,normal,TRUE,14,16
Frame,scaleDown,party,FALSE,14,17
InteractablePen,Blur,normal,TRUE,14,18
PlantSelector,no_warning,garage,TRUE,14,19
Frame,red,open,FALSE,14,20
InteractablePen,Blur,garage,TRUE,14,21
LightSwitch,popup,open,TRUE,14,22
InteractablePen,popup,party,FALSE,14,23
PlantSelector,red,normal,FALSE,14,24
LightSwitch,Blur,party,FALSE,14,25
Frame,scaleDown,normal,FALSE,14,26
InteractablePen,red,open,FALSE,14,27
LightSwitch,no_warning,garage,TRUE,14,28
PlantSelector,scaleDown,open,TRUE,14,29
Frame,Blur,garage,FALSE,14,30
PlantSelector,Blur,party,FALSE,14,31
LightSwitch,Blur,normal,FALSE,14,32
Frame,red,party,FALSE,14,33
InteractablePen,scaleDown,normal,FALSE,14,34
PlantSelector,popup,garage,TRUE,14,35
Frame,no_warning,open,TRUE,14,36
InteractablePen,red,garage,FALSE,14,37
LightSwitch,scaleDown,open,TRUE,14,38
InteractablePen,scaleDown,party,FALSE,14,39
PlantSelector,no_warning,normal,TRUE,14,40
LightSwitch,red,party,FALSE,14,41
Frame,popup,normal,TRUE,14,42
InteractablePen,scaleDown,open,FALSE,14,43
LightSwitch,Blur,garage,FALSE,14,44
PlantSelector,no_warning,open,TRUE,14,45
Frame,no_warning,garage,TRUE,14,46
PlantSelector,popup,party,TRUE,14,47
LightSwitch,scaleDown,normal,TRUE,14,48
Frame,no_warning,party,TRUE,14,49
InteractablePen,popup,normal,FALSE,14,50
PlantSelector,red,garage,FALSE,14,51
Frame,Blur,open,FALSE,14,52
InteractablePen,popup,garage,FALSE,14,53
LightSwitch,no_warning,open,TRUE,14,54
InteractablePen,Blur,party,FALSE,14,55
PlantSelector,Blur,normal,FALSE,14,56
LightSwitch,scaleDown,party,TRUE,14,57
Frame,no_warning,normal,FALSE,14,58
InteractablePen,no_warning,open,TRUE,14,59
LightSwitch,scaleDown,garage,FALSE,14,60
PlantSelector,red,open,TRUE,14,61
Frame,popup,garage,TRUE,14,62
PlantSelector,scaleDown,party,TRUE,14,63
LightSwitch,no_warning,normal,TRUE,14,64
Frame,popup,party,TRUE,14,65
InteractablePen,no_warning,normal,TRUE,14,66
PlantSelector,scaleDown,garage,TRUE,14,67
Frame,scaleDown,open,FALSE,14,68
InteractablePen,scaleDown,garage,FALSE,14,69
LightSwitch,red,open,FALSE,14,70
InteractablePen,red,party,FALSE,14,71
PlantSelector,scaleDown,normal,TRUE,14,72
LightSwitch,popup,party,TRUE,14,73
Frame,red,normal,FALSE,14,74
InteractablePen,Blur,open,FALSE,14,75
LightSwitch,red,garage,FALSE,14,76
PlantSelector,popup,open,TRUE,14,77
Frame,scaleDown,garage,TRUE,14,78
PlantSelector,no_warning,party,TRUE,14,79
LightSwitch,popup,normal,TRUE,14,80
InteractablePen,scaleDown,normal,TRUE,15,1
PlantSelector,popup,garage,TRUE,15,2
Frame,no_warning,open,FALSE,15,3
InteractablePen,red,garage,TRUE,15,4
LightSwitch,scaleDown,open,TRUE,15,5
InteractablePen,scaleDown,party,TRUE,15,6
PlantSelector,no_warning,normal,TRUE,15,7
LightSwitch,red,party,TRUE,15,8
Frame,popup,normal,FALSE,15,9
InteractablePen,scaleDown,open,TRUE,15,10
LightSwitch,Blur,garage,FALSE,15,11
PlantSelector,no_warning,open,FALSE,15,12
Frame,no_warning,garage,FALSE,15,13
PlantSelector,popup,party,TRUE,15,14
LightSwitch,scaleDown,normal,TRUE,15,15
Frame,no_warning,party,FALSE,15,16
InteractablePen,popup,normal,TRUE,15,17
PlantSelector,red,garage,FALSE,15,18
Frame,Blur,open,FALSE,15,19
InteractablePen,popup,garage,FALSE,15,20
LightSwitch,no_warning,open,TRUE,15,21
InteractablePen,Blur,party,TRUE,15,22
PlantSelector,Blur,normal,FALSE,15,23
LightSwitch,scaleDown,party,FALSE,15,24
Frame,no_warning,normal,FALSE,15,25
InteractablePen,no_warning,open,TRUE,15,26
LightSwitch,scaleDown,garage,TRUE,15,27
PlantSelector,red,open,FALSE,15,28
Frame,popup,garage,TRUE,15,29
PlantSelector,scaleDown,party,TRUE,15,30
LightSwitch,no_warning,normal,TRUE,15,31
Frame,popup,party,FALSE,15,32
InteractablePen,no_warning,normal,TRUE,15,33
PlantSelector,scaleDown,garage,TRUE,15,34
Frame,scaleDown,open,FALSE,15,35
InteractablePen,scaleDown,garage,FALSE,15,36
LightSwitch,red,open,TRUE,15,37
InteractablePen,red,party,TRUE,15,38
PlantSelector,scaleDown,normal,TRUE,15,39
LightSwitch,popup,party,FALSE,15,40
Frame,red,normal,FALSE,15,41
InteractablePen,Blur,open,TRUE,15,42
LightSwitch,red,garage,TRUE,15,43
PlantSelector,popup,open,TRUE,15,44
Frame,scaleDown,garage,FALSE,15,45
PlantSelector,no_warning,party,TRUE,15,46
LightSwitch,popup,normal,FALSE,15,47
Frame,Blur,party,TRUE,15,48
InteractablePen,red,normal,TRUE,15,49
PlantSelector,Blur,garage,FALSE,15,50
Frame,popup,open,FALSE,15,51
InteractablePen,no_warning,garage,TRUE,15,52
LightSwitch,Blur,open,FALSE,15,53
InteractablePen,no_warning,party,TRUE,15,54
PlantSelector,popup,normal,TRUE,15,55
LightSwitch,no_warning,party,TRUE,15,56
Frame,Blur,normal,FALSE,15,57
InteractablePen,popup,open,TRUE,15,58
LightSwitch,popup,garage,TRUE,15,59
PlantSelector,Blur,open,FALSE,15,60
Frame,red,garage,FALSE,15,61
PlantSelector,red,party,TRUE,15,62
LightSwitch,red,normal,TRUE,15,63
Frame,scaleDown,party,FALSE,15,64
InteractablePen,Blur,normal,TRUE,15,65
PlantSelector,no_warning,garage,TRUE,15,66
Frame,red,open,TRUE,15,67
InteractablePen,Blur,garage,TRUE,15,68
LightSwitch,popup,open,TRUE,15,69
InteractablePen,popup,party,FALSE,15,70
PlantSelector,red,normal,FALSE,15,71
LightSwitch,Blur,party,FALSE,15,72
Frame,scaleDown,normal,FALSE,15,73
InteractablePen,red,open,TRUE,15,74
LightSwitch,no_warning,garage,TRUE,15,75
PlantSelector,scaleDown,open,TRUE,15,76
Frame,Blur,garage,FALSE,15,77
PlantSelector,Blur,party,FALSE,15,78
LightSwitch,Blur,normal,FALSE,15,79
Frame,red,party,TRUE,15,80
Frame,popup,party,TRUE,16,1
InteractablePen,no_warning,normal,TRUE,16,2
PlantSelector,scaleDown,garage,TRUE,16,3
Frame,scaleDown,open,TRUE,16,4
InteractablePen,scaleDown,garage,TRUE,16,5
LightSwitch,red,open,TRUE,16,6
InteractablePen,red,party,TRUE,16,7
PlantSelector,scaleDown,normal,TRUE,16,8
LightSwitch,popup,party,TRUE,16,9
Frame,red,normal,TRUE,16,10
InteractablePen,Blur,open,TRUE,16,11
LightSwitch,red,garage,TRUE,16,12
PlantSelector,popup,open,TRUE,16,13
Frame,scaleDown,garage,TRUE,16,14
PlantSelector,no_warning,party,TRUE,16,15
LightSwitch,popup,normal,TRUE,16,16
Frame,Blur,party,TRUE,16,17
InteractablePen,red,normal,TRUE,16,18
PlantSelector,Blur,garage,TRUE,16,19
Frame,popup,open,TRUE,16,20
InteractablePen,no_warning,garage,TRUE,16,21
LightSwitch,Blur,open,TRUE,16,22
InteractablePen,no_warning,party,FALSE,16,23
PlantSelector,popup,normal,TRUE,16,24
LightSwitch,no_warning,party,TRUE,16,25
Frame,Blur,normal,TRUE,16,26
InteractablePen,popup,open,TRUE,16,27
LightSwitch,popup,garage,TRUE,16,28
PlantSelector,Blur,open,TRUE,16,29
Frame,red,garage,TRUE,16,30
PlantSelector,red,party,TRUE,16,31
LightSwitch,red,normal,TRUE,16,32
Frame,scaleDown,party,TRUE,16,33
InteractablePen,Blur,normal,FALSE,16,34
PlantSelector,no_warning,garage,TRUE,16,35
Frame,red,open,TRUE,16,36
InteractablePen,Blur,garage,FALSE,16,37
LightSwitch,popup,open,TRUE,16,38
InteractablePen,popup,party,TRUE,16,39
PlantSelector,red,normal,TRUE,16,40
LightSwitch,Blur,party,TRUE,16,41
Frame,scaleDown,normal,TRUE,16,42
InteractablePen,red,open,TRUE,16,43
LightSwitch,no_warning,garage,TRUE,16,44
PlantSelector,scaleDown,open,TRUE,16,45
Frame,Blur,garage,TRUE,16,46
PlantSelector,Blur,party,TRUE,16,47
LightSwitch,Blur,normal,TRUE,16,48
Frame,red,party,TRUE,16,49
InteractablePen,scaleDown,normal,FALSE,16,50
PlantSelector,popup,garage,TRUE,16,51
Frame,no_warning,open,TRUE,16,52
InteractablePen,red,garage,FALSE,16,53
LightSwitch,scaleDown,open,TRUE,16,54
InteractablePen,scaleDown,party,FALSE,16,55
PlantSelector,no_warning,normal,TRUE,16,56
LightSwitch,red,party,TRUE,16,57
Frame,popup,normal,TRUE,16,58
InteractablePen,scaleDown,open,FALSE,16,59
LightSwitch,Blur,garage,TRUE,16,60
PlantSelector,no_warning,open,TRUE,16,61
Frame,no_warning,garage,TRUE,16,62
PlantSelector,popup,party,TRUE,16,63
LightSwitch,scaleDown,normal,TRUE,16,64
Frame,no_warning,party,TRUE,16,65
InteractablePen,popup,normal,FALSE,16,66
PlantSelector,red,garage,TRUE,16,67
Frame,Blur,open,TRUE,16,68
InteractablePen,popup,garage,TRUE,16,69
LightSwitch,no_warning,open,TRUE,16,70
InteractablePen,Blur,party,TRUE,16,71
PlantSelector,Blur,normal,TRUE,16,72
LightSwitch,scaleDown,party,TRUE,16,73
Frame,no_warning,normal,TRUE,16,74
InteractablePen,no_warning,open,TRUE,16,75
LightSwitch,scaleDown,garage,TRUE,16,76
PlantSelector,red,open,TRUE,16,77
Frame,popup,garage,TRUE,16,78
PlantSelector,scaleDown,party,TRUE,16,79
LightSwitch,no_warning,normal,TRUE,16,80
PlantSelector,scaleDown,party,TRUE,17,1
LightSwitch,no_warning,normal,TRUE,17,2
Frame,popup,party,TRUE,17,3
InteractablePen,no_warning,normal,TRUE,17,4
PlantSelector,scaleDown,garage,TRUE,17,5
Frame,scaleDown,open,TRUE,17,6
InteractablePen,scaleDown,garage,TRUE,17,7
LightSwitch,red,open,TRUE,17,8
InteractablePen,red,party,TRUE,17,9
PlantSelector,scaleDown,normal,TRUE,17,10
LightSwitch,popup,party,TRUE,17,11
Frame,red,normal,TRUE,17,12
InteractablePen,Blur,open,TRUE,17,13
LightSwitch,red,garage,TRUE,17,14
PlantSelector,popup,open,TRUE,17,15
Frame,scaleDown,garage,TRUE,17,16
PlantSelector,no_warning,party,TRUE,17,17
LightSwitch,popup,normal,TRUE,17,18
Frame,Blur,party,TRUE,17,19
InteractablePen,red,normal,TRUE,17,20
PlantSelector,Blur,garage,TRUE,17,21
Frame,popup,open,FALSE,17,22
InteractablePen,no_warning,garage,TRUE,17,23
LightSwitch,Blur,open,TRUE,17,24
InteractablePen,no_warning,party,TRUE,17,25
PlantSelector,popup,normal,TRUE,17,26
LightSwitch,no_warning,party,TRUE,17,27
Frame,Blur,normal,FALSE,17,28
InteractablePen,popup,open,TRUE,17,29
LightSwitch,popup,garage,TRUE,17,30
PlantSelector,Blur,open,TRUE,17,31
Frame,red,garage,FALSE,17,32
PlantSelector,red,party,TRUE,17,33
LightSwitch,red,normal,TRUE,17,34
Frame,scaleDown,party,TRUE,17,35
InteractablePen,Blur,normal,TRUE,17,36
PlantSelector,no_warning,garage,TRUE,17,37
Frame,red,open,FALSE,17,38
InteractablePen,Blur,garage,TRUE,17,39
LightSwitch,popup,open,TRUE,17,40
InteractablePen,popup,party,TRUE,17,41
PlantSelector,red,normal,TRUE,17,42
LightSwitch,Blur,party,TRUE,17,43
Frame,scaleDown,normal,TRUE,17,44
InteractablePen,red,open,TRUE,17,45
LightSwitch,no_warning,garage,TRUE,17,46
PlantSelector,scaleDown,open,TRUE,17,47
Frame,Blur,garage,FALSE,17,48
PlantSelector,Blur,party,TRUE,17,49
LightSwitch,Blur,normal,TRUE,17,50
Frame,red,party,FALSE,17,51
InteractablePen,scaleDown,normal,TRUE,17,52
PlantSelector,popup,garage,TRUE,17,53
Frame,no_warning,open,FALSE,17,54
InteractablePen,red,garage,TRUE,17,55
LightSwitch,scaleDown,open,TRUE,17,56
InteractablePen,scaleDown,party,TRUE,17,57
PlantSelector,no_warning,normal,TRUE,17,58
LightSwitch,red,party,TRUE,17,59
Frame,popup,normal,FALSE,17,60
InteractablePen,scaleDown,open,TRUE,17,61
LightSwitch,Blur,garage,TRUE,17,62
PlantSelector,no_warning,open,TRUE,17,63
Frame,no_warning,garage,FALSE,17,64
PlantSelector,popup,party,TRUE,17,65
LightSwitch,scaleDown,normal,TRUE,17,66
Frame,no_warning,party,FALSE,17,67
InteractablePen,popup,normal,TRUE,17,68
PlantSelector,red,garage,TRUE,17,69
Frame,Blur,open,FALSE,17,70
InteractablePen,popup,garage,TRUE,17,71
LightSwitch,no_warning,open,TRUE,17,72
InteractablePen,Blur,party,TRUE,17,73
PlantSelector,Blur,normal,TRUE,17,74
LightSwitch,scaleDown,party,TRUE,17,75
Frame,no_warning,normal,FALSE,17,76
InteractablePen,no_warning,open,TRUE,17,77
LightSwitch,scaleDown,garage,TRUE,17,78
PlantSelector,red,open,TRUE,17,79
Frame,popup,garage,FALSE,17,80
Frame,no_warning,garage,TRUE,18,1
PlantSelector,popup,party,TRUE,18,2
LightSwitch,scaleDown,normal,TRUE,18,3
Frame,no_warning,party,TRUE,18,4
InteractablePen,popup,normal,TRUE,18,5
PlantSelector,red,garage,TRUE,18,6
Frame,Blur,open,TRUE,18,7
InteractablePen,popup,garage,TRUE,18,8
LightSwitch,no_warning,open,TRUE,18,9
InteractablePen,Blur,party,TRUE,18,10
PlantSelector,Blur,normal,TRUE,18,11
LightSwitch,scaleDown,party,TRUE,18,12
Frame,no_warning,normal,TRUE,18,13
InteractablePen,no_warning,open,TRUE,18,14
LightSwitch,scaleDown,garage,TRUE,18,15
PlantSelector,red,open,FALSE,18,16
Frame,popup,garage,TRUE,18,17
PlantSelector,scaleDown,party,TRUE,18,18
LightSwitch,no_warning,normal,TRUE,18,19
Frame,popup,party,TRUE,18,20
InteractablePen,no_warning,normal,TRUE,18,21
PlantSelector,scaleDown,garage,TRUE,18,22
Frame,scaleDown,open,TRUE,18,23
InteractablePen,scaleDown,garage,TRUE,18,24
LightSwitch,red,open,TRUE,18,25
InteractablePen,red,party,TRUE,18,26
PlantSelector,scaleDown,normal,TRUE,18,27
LightSwitch,popup,party,TRUE,18,28
Frame,red,normal,TRUE,18,29
InteractablePen,Blur,open,TRUE,18,30
LightSwitch,red,garage,TRUE,18,31
PlantSelector,popup,open,TRUE,18,32
Frame,scaleDown,garage,TRUE,18,33
PlantSelector,no_warning,party,TRUE,18,34
LightSwitch,popup,normal,TRUE,18,35
Frame,Blur,party,TRUE,18,36
InteractablePen,red,normal,TRUE,18,37
PlantSelector,Blur,garage,TRUE,18,38
Frame,popup,open,TRUE,18,39
InteractablePen,no_warning,garage,TRUE,18,40
LightSwitch,Blur,open,TRUE,18,41
InteractablePen,no_warning,party,TRUE,18,42
PlantSelector,popup,normal,TRUE,18,43
LightSwitch,no_warning,party,TRUE,18,44
Frame,Blur,normal,TRUE,18,45
InteractablePen,popup,open,TRUE,18,46
LightSwitch,popup,garage,FALSE,18,47
PlantSelector,Blur,open,TRUE,18,48
Frame,red,garage,FALSE,18,49
PlantSelector,red,party,FALSE,18,50
LightSwitch,red,normal,TRUE,18,51
Frame,scaleDown,party,FALSE,18,52
InteractablePen,Blur,normal,TRUE,18,53
PlantSelector,no_warning,garage,TRUE,18,54
Frame,red,open,FALSE,18,55
InteractablePen,Blur,garage,TRUE,18,56
LightSwitch,popup,open,TRUE,18,57
InteractablePen,popup,party,TRUE,18,58
PlantSelector,red,normal,TRUE,18,59
LightSwitch,Blur,party,TRUE,18,60
Frame,scaleDown,normal,FALSE,18,61
InteractablePen,red,open,FALSE,18,62
LightSwitch,no_warning,garage,TRUE,18,63
PlantSelector,scaleDown,open,TRUE,18,64
Frame,Blur,garage,TRUE,18,65
PlantSelector,Blur,party,TRUE,18,66
LightSwitch,Blur,normal,TRUE,18,67
Frame,red,party,FALSE,18,68
InteractablePen,scaleDown,normal,TRUE,18,69
PlantSelector,popup,garage,TRUE,18,70
Frame,no_warning,open,TRUE,18,71
InteractablePen,red,garage,FALSE,18,72
LightSwitch,scaleDown,open,TRUE,18,73
InteractablePen,scaleDown,party,TRUE,18,74
PlantSelector,no_warning,normal,TRUE,18,75
LightSwitch,red,party,FALSE,18,76
Frame,popup,normal,TRUE,18,77
InteractablePen,scaleDown,open,TRUE,18,78
LightSwitch,Blur,garage,TRUE,18,79
PlantSelector,no_warning,open,TRUE,18,80
PlantSelector,Blur,normal,TRUE,19,1
LightSwitch,scaleDown,party,TRUE,19,2
Frame,no_warning,normal,TRUE,19,3
InteractablePen,no_warning,open,TRUE,19,4
LightSwitch,scaleDown,garage,TRUE,19,5
PlantSelector,red,open,TRUE,19,6
Frame,popup,garage,TRUE,19,7
PlantSelector,scaleDown,party,TRUE,19,8
LightSwitch,no_warning,normal,TRUE,19,9
Frame,popup,party,TRUE,19,10
InteractablePen,no_warning,normal,TRUE,19,11
PlantSelector,scaleDown,garage,TRUE,19,12
Frame,scaleDown,open,TRUE,19,13
InteractablePen,scaleDown,garage,TRUE,19,14
LightSwitch,red,open,FALSE,19,15
InteractablePen,red,party,FALSE,19,16
PlantSelector,scaleDown,normal,TRUE,19,17
LightSwitch,popup,party,TRUE,19,18
Frame,red,normal,FALSE,19,19
InteractablePen,Blur,open,TRUE,19,20
LightSwitch,red,garage,FALSE,19,21
PlantSelector,popup,open,TRUE,19,22
Frame,scaleDown,garage,TRUE,19,23
PlantSelector,no_warning,party,TRUE,19,24
LightSwitch,popup,normal,TRUE,19,25
Frame,Blur,party,TRUE,19,26
InteractablePen,red,normal,FALSE,19,27
PlantSelector,Blur,garage,FALSE,19,28
Frame,popup,open,TRUE,19,29
InteractablePen,no_warning,garage,TRUE,19,30
LightSwitch,Blur,open,FALSE,19,31
InteractablePen,no_warning,party,TRUE,19,32
PlantSelector,popup,normal,TRUE,19,33
LightSwitch,no_warning,party,TRUE,19,34
Frame,Blur,normal,TRUE,19,35
InteractablePen,popup,open,FALSE,19,36
LightSwitch,popup,garage,TRUE,19,37
PlantSelector,Blur,open,FALSE,19,38
Frame,red,garage,FALSE,19,39
PlantSelector,red,party,FALSE,19,40
LightSwitch,red,normal,FALSE,19,41
Frame,scaleDown,party,FALSE,19,42
InteractablePen,Blur,normal,FALSE,19,43
PlantSelector,no_warning,garage,TRUE,19,44
Frame,red,open,FALSE,19,45
InteractablePen,Blur,garage,FALSE,19,46
LightSwitch,popup,open,TRUE,19,47
InteractablePen,popup,party,TRUE,19,48
PlantSelector,red,normal,FALSE,19,49
LightSwitch,Blur,party,FALSE,19,50
Frame,scaleDown,normal,TRUE,19,51
InteractablePen,red,open,FALSE,19,52
LightSwitch,no_warning,garage,TRUE,19,53
PlantSelector,scaleDown,open,FALSE,19,54
Frame,Blur,garage,TRUE,19,55
PlantSelector,Blur,party,FALSE,19,56
LightSwitch,Blur,normal,FALSE,19,57
Frame,red,party,FALSE,19,58
InteractablePen,scaleDown,normal,FALSE,19,59
PlantSelector,popup,garage,TRUE,19,60
Frame,no_warning,open,TRUE,19,61
InteractablePen,red,garage,FALSE,19,62
LightSwitch,scaleDown,open,FALSE,19,63
InteractablePen,scaleDown,party,FALSE,19,64
PlantSelector,no_warning,normal,TRUE,19,65
LightSwitch,red,party,FALSE,19,66
Frame,popup,normal,TRUE,19,67
InteractablePen,scaleDown,open,FALSE,19,68
LightSwitch,Blur,garage,FALSE,19,69
PlantSelector,no_warning,open,TRUE,19,70
Frame,no_warning,garage,TRUE,19,71
PlantSelector,popup,party,TRUE,19,72
LightSwitch,scaleDown,normal,FALSE,19,73
Frame,no_warning,party,TRUE,19,74
InteractablePen,popup,normal,TRUE,19,75
PlantSelector,red,garage,FALSE,19,76
Frame,Blur,open,TRUE,19,77
InteractablePen,popup,garage,TRUE,19,78
LightSwitch,no_warning,open,TRUE,19,79
InteractablePen,Blur,party,FALSE,19,80
PlantSelector,scaleDown,normal,TRUE,20,1
LightSwitch,popup,party,TRUE,20,2
Frame,red,normal,FALSE,20,3
InteractablePen,Blur,open,TRUE,20,4
LightSwitch,red,garage,FALSE,20,5
PlantSelector,popup,open,TRUE,20,6
Frame,scaleDown,garage,TRUE,20,7
PlantSelector,no_warning,party,TRUE,20,8
LightSwitch,popup,normal,TRUE,20,9
Frame,Blur,party,FALSE,20,10
InteractablePen,red,normal,FALSE,20,11
PlantSelector,Blur,garage,TRUE,20,12
Frame,popup,open,TRUE,20,13
InteractablePen,no_warning,garage,TRUE,20,14
LightSwitch,Blur,open,TRUE,20,15
InteractablePen,no_warning,party,TRUE,20,16
PlantSelector,popup,normal,TRUE,20,17
LightSwitch,no_warning,party,TRUE,20,18
Frame,Blur,normal,TRUE,20,19
InteractablePen,popup,open,TRUE,20,20
LightSwitch,popup,garage,TRUE,20,21
PlantSelector,Blur,open,TRUE,20,22
Frame,red,garage,FALSE,20,23
PlantSelector,red,party,FALSE,20,24
LightSwitch,red,normal,FALSE,20,25
Frame,scaleDown,party,TRUE,20,26
InteractablePen,Blur,normal,TRUE,20,27
PlantSelector,no_warning,garage,TRUE,20,28
Frame,red,open,FALSE,20,29
InteractablePen,Blur,garage,TRUE,20,30
LightSwitch,popup,open,TRUE,20,31
InteractablePen,popup,party,TRUE,20,32
PlantSelector,red,normal,FALSE,20,33
LightSwitch,Blur,party,TRUE,20,34
Frame,scaleDown,normal,TRUE,20,35
InteractablePen,red,open,FALSE,20,36
LightSwitch,no_warning,garage,TRUE,20,37
PlantSelector,scaleDown,open,TRUE,20,38
Frame,Blur,garage,TRUE,20,39
PlantSelector,Blur,party,TRUE,20,40
LightSwitch,Blur,normal,TRUE,20,41
Frame,red,party,FALSE,20,42
InteractablePen,scaleDown,normal,TRUE,20,43
PlantSelector,popup,garage,TRUE,20,44
Frame,no_warning,open,TRUE,20,45
InteractablePen,red,garage,FALSE,20,46
LightSwitch,scaleDown,open,TRUE,20,47
InteractablePen,scaleDown,party,TRUE,20,48
PlantSelector,no_warning,normal,TRUE,20,49
LightSwitch,red,party,TRUE,20,50
Frame,popup,normal,TRUE,20,51
InteractablePen,scaleDown,open,TRUE,20,52
LightSwitch,Blur,garage,TRUE,20,53
PlantSelector,no_warning,open,TRUE,20,54
Frame,no_warning,garage,TRUE,20,55
PlantSelector,popup,party,TRUE,20,56
LightSwitch,scaleDown,normal,TRUE,20,57
Frame,no_warning,party,TRUE,20,58
InteractablePen,popup,normal,TRUE,20,59
PlantSelector,red,garage,FALSE,20,60
Frame,Blur,open,TRUE,20,61
InteractablePen,popup,garage,TRUE,20,62
LightSwitch,no_warning,open,TRUE,20,63
InteractablePen,Blur,party,TRUE,20,64
PlantSelector,Blur,normal,TRUE,20,65
LightSwitch,scaleDown,party,TRUE,20,66
Frame,no_warning,normal,TRUE,20,67
InteractablePen,no_warning,open,TRUE,20,68
LightSwitch,scaleDown,garage,TRUE,20,69
PlantSelector,red,open,FALSE,20,70
Frame,popup,garage,TRUE,20,71
PlantSelector,scaleDown,party,TRUE,20,72
LightSwitch,no_warning,normal,TRUE,20,73
Frame,popup,party,TRUE,20,74
InteractablePen,no_warning,normal,TRUE,20,75
PlantSelector,scaleDown,garage,TRUE,20,76
Frame,scaleDown,open,TRUE,20,77
InteractablePen,scaleDown,garage,TRUE,20,78
LightSwitch,red,open,FALSE,20,79
InteractablePen,red,party,FALSE,20,80
LightSwitch,Blur,party,TRUE,21,1
Frame,scaleDown,normal,TRUE,21,2
InteractablePen,red,open,TRUE,21,3
LightSwitch,no_warning,garage,TRUE,21,4
PlantSelector,scaleDown,open,TRUE,21,5
Frame,Blur,garage,TRUE,21,6
PlantSelector,Blur,party,TRUE,21,7
LightSwitch,Blur,normal,TRUE,21,8
Frame,red,party,TRUE,21,9
InteractablePen,scaleDown,normal,TRUE,21,10
PlantSelector,popup,garage,TRUE,21,11
Frame,no_warning,open,TRUE,21,12
InteractablePen,red,garage,TRUE,21,13
LightSwitch,scaleDown,open,TRUE,21,14
InteractablePen,scaleDown,party,TRUE,21,15
PlantSelector,no_warning,normal,TRUE,21,16
LightSwitch,red,party,TRUE,21,17
Frame,popup,normal,TRUE,21,18
InteractablePen,scaleDown,open,TRUE,21,19
LightSwitch,Blur,garage,TRUE,21,20
PlantSelector,no_warning,open,TRUE,21,21
Frame,no_warning,garage,TRUE,21,22
PlantSelector,popup,party,TRUE,21,23
LightSwitch,scaleDown,normal,TRUE,21,24
Frame,no_warning,party,TRUE,21,25
InteractablePen,popup,normal,TRUE,21,26
PlantSelector,red,garage,TRUE,21,27
Frame,Blur,open,TRUE,21,28
InteractablePen,popup,garage,TRUE,21,29
LightSwitch,no_warning,open,TRUE,21,30
InteractablePen,Blur,party,TRUE,21,31
PlantSelector,Blur,normal,TRUE,21,32
LightSwitch,scaleDown,party,TRUE,21,33
Frame,no_warning,normal,TRUE,21,34
InteractablePen,no_warning,open,TRUE,21,35
LightSwitch,scaleDown,garage,TRUE,21,36
PlantSelector,red,open,TRUE,21,37
Frame,popup,garage,TRUE,21,38
PlantSelector,scaleDown,party,TRUE,21,39
LightSwitch,no_warning,normal,TRUE,21,40
Frame,popup,party,TRUE,21,41
InteractablePen,no_warning,normal,TRUE,21,42
PlantSelector,scaleDown,garage,TRUE,21,43
Frame,scaleDown,open,TRUE,21,44
InteractablePen,scaleDown,garage,TRUE,21,45
LightSwitch,red,open,TRUE,21,46
InteractablePen,red,party,TRUE,21,47
PlantSelector,scaleDown,normal,TRUE,21,48
LightSwitch,popup,party,TRUE,21,49
Frame,red,normal,TRUE,21,50
InteractablePen,Blur,open,TRUE,21,51
LightSwitch,red,garage,TRUE,21,52
PlantSelector,popup,open,TRUE,21,53
Frame,scaleDown,garage,TRUE,21,54
PlantSelector,no_warning,party,TRUE,21,55
LightSwitch,popup,normal,TRUE,21,56
Frame,Blur,party,TRUE,21,57
InteractablePen,red,normal,TRUE,21,58
PlantSelector,Blur,garage,TRUE,21,59
Frame,popup,open,TRUE,21,60
InteractablePen,no_warning,garage,TRUE,21,61
LightSwitch,Blur,open,TRUE,21,62
InteractablePen,no_warning,party,TRUE,21,63
PlantSelector,popup,normal,TRUE,21,64
LightSwitch,no_warning,party,TRUE,21,65
Frame,Blur,normal,TRUE,21,66
InteractablePen,popup,open,TRUE,21,67
LightSwitch,popup,garage,TRUE,21,68
PlantSelector,Blur,open,TRUE,21,69
Frame,red,garage,TRUE,21,70
PlantSelector,red,party,TRUE,21,71
LightSwitch,red,normal,TRUE,21,72
Frame,scaleDown,party,TRUE,21,73
InteractablePen,Blur,normal,TRUE,21,74
PlantSelector,no_warning,garage,TRUE,21,75
Frame,red,open,TRUE,21,76
InteractablePen,Blur,garage,TRUE,21,77
LightSwitch,popup,open,TRUE,21,78
InteractablePen,popup,party,TRUE,21,79
PlantSelector,red,normal,TRUE,21,80
Frame,scaleDown,normal,TRUE,22,1
InteractablePen,red,open,TRUE,22,2
LightSwitch,no_warning,garage,TRUE,22,3
PlantSelector,scaleDown,open,TRUE,22,4
Frame,Blur,garage,TRUE,22,5
PlantSelector,Blur,party,TRUE,22,6
LightSwitch,Blur,normal,TRUE,22,7
Frame,red,party,TRUE,22,8
InteractablePen,scaleDown,normal,TRUE,22,9
PlantSelector,popup,garage,TRUE,22,10
Frame,no_warning,open,TRUE,22,11
InteractablePen,red,garage,TRUE,22,12
LightSwitch,scaleDown,open,TRUE,22,13
InteractablePen,scaleDown,party,TRUE,22,14
PlantSelector,no_warning,normal,TRUE,22,15
LightSwitch,red,party,TRUE,22,16
Frame,popup,normal,TRUE,22,17
InteractablePen,scaleDown,open,TRUE,22,18
LightSwitch,Blur,garage,TRUE,22,19
PlantSelector,no_warning,open,TRUE,22,20
Frame,no_warning,garage,TRUE,22,21
PlantSelector,popup,party,TRUE,22,22
LightSwitch,scaleDown,normal,TRUE,22,23
Frame,no_warning,party,TRUE,22,24
InteractablePen,popup,normal,TRUE,22,25
PlantSelector,red,garage,TRUE,22,26
Frame,Blur,open,TRUE,22,27
InteractablePen,popup,garage,TRUE,22,28
LightSwitch,no_warning,open,TRUE,22,29
InteractablePen,Blur,party,TRUE,22,30
PlantSelector,Blur,normal,TRUE,22,31
LightSwitch,scaleDown,party,TRUE,22,32
Frame,no_warning,normal,TRUE,22,33
InteractablePen,no_warning,open,TRUE,22,34
LightSwitch,scaleDown,garage,TRUE,22,35
PlantSelector,red,open,TRUE,22,36
Frame,popup,garage,TRUE,22,37
PlantSelector,scaleDown,party,TRUE,22,38
LightSwitch,no_warning,normal,TRUE,22,39
Frame,popup,party,TRUE,22,40
InteractablePen,no_warning,normal,TRUE,22,41
PlantSelector,scaleDown,garage,TRUE,22,42
Frame,scaleDown,open,TRUE,22,43
InteractablePen,scaleDown,garage,TRUE,22,44
LightSwitch,red,open,TRUE,22,45
InteractablePen,red,party,TRUE,22,46
PlantSelector,scaleDown,normal,TRUE,22,47
LightSwitch,popup,party,TRUE,22,48
Frame,red,normal,TRUE,22,49
InteractablePen,Blur,open,TRUE,22,50
LightSwitch,red,garage,TRUE,22,51
PlantSelector,popup,open,FALSE,22,52
Frame,scaleDown,garage,FALSE,22,53
PlantSelector,no_warning,party,TRUE,22,54
LightSwitch,popup,normal,TRUE,22,55
Frame,Blur,party,TRUE,22,56
InteractablePen,red,normal,TRUE,22,57
PlantSelector,Blur,garage,TRUE,22,58
Frame,popup,open,TRUE,22,59
InteractablePen,no_warning,garage,TRUE,22,60
LightSwitch,Blur,open,TRUE,22,61
InteractablePen,no_warning,party,TRUE,22,62
PlantSelector,popup,normal,TRUE,22,63
LightSwitch,no_warning,party,TRUE,22,64
Frame,Blur,normal,TRUE,22,65
InteractablePen,popup,open,TRUE,22,66
LightSwitch,popup,garage,TRUE,22,67
PlantSelector,Blur,open,TRUE,22,68
Frame,red,garage,TRUE,22,69
PlantSelector,red,party,TRUE,22,70
LightSwitch,red,normal,TRUE,22,71
Frame,scaleDown,party,TRUE,22,72
InteractablePen,Blur,normal,TRUE,22,73
PlantSelector,no_warning,garage,TRUE,22,74
Frame,red,open,TRUE,22,75
InteractablePen,Blur,garage,TRUE,22,76
LightSwitch,popup,open,TRUE,22,77
InteractablePen,popup,party,TRUE,22,78
PlantSelector,red,normal,TRUE,22,79
LightSwitch,Blur,party,TRUE,22,80
LightSwitch,scaleDown,normal,TRUE,23,1
Frame,no_warning,party,TRUE,23,2
InteractablePen,popup,normal,TRUE,23,3
PlantSelector,red,garage,TRUE,23,4
Frame,Blur,open,TRUE,23,5
InteractablePen,popup,garage,TRUE,23,6
LightSwitch,no_warning,open,TRUE,23,7
InteractablePen,Blur,party,TRUE,23,8
PlantSelector,Blur,normal,TRUE,23,9
LightSwitch,scaleDown,party,TRUE,23,10
Frame,no_warning,normal,TRUE,23,11
InteractablePen,no_warning,open,TRUE,23,12
LightSwitch,scaleDown,garage,TRUE,23,13
PlantSelector,red,open,TRUE,23,14
Frame,popup,garage,TRUE,23,15
PlantSelector,scaleDown,party,TRUE,23,16
LightSwitch,no_warning,normal,TRUE,23,17
Frame,popup,party,TRUE,23,18
InteractablePen,no_warning,normal,TRUE,23,19
PlantSelector,scaleDown,garage,TRUE,23,20
Frame,scaleDown,open,TRUE,23,21
InteractablePen,scaleDown,garage,TRUE,23,22
LightSwitch,red,open,TRUE,23,23
InteractablePen,red,party,FALSE,23,24
PlantSelector,scaleDown,normal,TRUE,23,25
LightSwitch,popup,party,FALSE,23,26
Frame,red,normal,FALSE,23,27
InteractablePen,Blur,open,TRUE,23,28
LightSwitch,red,garage,TRUE,23,29
PlantSelector,popup,open,TRUE,23,30
Frame,scaleDown,garage,TRUE,23,31
PlantSelector,no_warning,party,TRUE,23,32
LightSwitch,popup,normal,FALSE,23,33
Frame,Blur,party,TRUE,23,34
InteractablePen,red,normal,FALSE,23,35
PlantSelector,Blur,garage,TRUE,23,36
Frame,popup,open,TRUE,23,37
InteractablePen,no_warning,garage,TRUE,23,38
LightSwitch,Blur,open,TRUE,23,39
InteractablePen,no_warning,party,TRUE,23,40
PlantSelector,popup,normal,TRUE,23,41
LightSwitch,no_warning,party,TRUE,23,42
Frame,Blur,normal,TRUE,23,43
InteractablePen,popup,open,TRUE,23,44
LightSwitch,popup,garage,FALSE,23,45
PlantSelector,Blur,open,TRUE,23,46
Frame,red,garage,FALSE,23,47
PlantSelector,red,party,TRUE,23,48
LightSwitch,red,normal,TRUE,23,49
Frame,scaleDown,party,TRUE,23,50
InteractablePen,Blur,normal,TRUE,23,51
PlantSelector,no_warning,garage,TRUE,23,52
Frame,red,open,FALSE,23,53
InteractablePen,Blur,garage,TRUE,23,54
LightSwitch,popup,open,FALSE,23,55
InteractablePen,popup,party,TRUE,23,56
PlantSelector,red,normal,FALSE,23,57
LightSwitch,Blur,party,TRUE,23,58
Frame,scaleDown,normal,TRUE,23,59
InteractablePen,red,open,FALSE,23,60
LightSwitch,no_warning,garage,TRUE,23,61
PlantSelector,scaleDown,open,FALSE,23,62
Frame,Blur,garage,TRUE,23,63
PlantSelector,Blur,party,FALSE,23,64
LightSwitch,Blur,normal,TRUE,23,65
Frame,red,party,FALSE,23,66
InteractablePen,scaleDown,normal,TRUE,23,67
PlantSelector,popup,garage,FALSE,23,68
Frame,no_warning,open,TRUE,23,69
InteractablePen,red,garage,FALSE,23,70
LightSwitch,scaleDown,open,TRUE,23,71
InteractablePen,scaleDown,party,FALSE,23,72
PlantSelector,no_warning,normal,FALSE,23,73
LightSwitch,red,party,FALSE,23,74
Frame,popup,normal,TRUE,23,75
InteractablePen,scaleDown,open,FALSE,23,76
LightSwitch,Blur,garage,TRUE,23,77
PlantSelector,no_warning,open,FALSE,23,78
Frame,no_warning,garage,TRUE,23,79
PlantSelector,popup,party,FALSE,23,80
InteractablePen,red,party,TRUE,24,1
PlantSelector,scaleDown,normal,TRUE,24,2
LightSwitch,popup,party,TRUE,24,3
Frame,red,normal,TRUE,24,4
InteractablePen,Blur,open,TRUE,24,5
LightSwitch,red,garage,TRUE,24,6
PlantSelector,popup,open,TRUE,24,7
Frame,scaleDown,garage,TRUE,24,8
PlantSelector,no_warning,party,TRUE,24,9
LightSwitch,popup,normal,TRUE,24,10
Frame,Blur,party,TRUE,24,11
InteractablePen,red,normal,TRUE,24,12
PlantSelector,Blur,garage,TRUE,24,13
Frame,popup,open,TRUE,24,14
InteractablePen,no_warning,garage,TRUE,24,15
LightSwitch,Blur,open,TRUE,24,16
InteractablePen,no_warning,party,TRUE,24,17
PlantSelector,popup,normal,TRUE,24,18
LightSwitch,no_warning,party,TRUE,24,19
Frame,Blur,normal,TRUE,24,20
InteractablePen,popup,open,TRUE,24,21
LightSwitch,popup,garage,TRUE,24,22
PlantSelector,Blur,open,TRUE,24,23
Frame,red,garage,TRUE,24,24
PlantSelector,red,party,TRUE,24,25
LightSwitch,red,normal,TRUE,24,26
Frame,scaleDown,party,TRUE,24,27
InteractablePen,Blur,normal,TRUE,24,28
PlantSelector,no_warning,garage,TRUE,24,29
Frame,red,open,TRUE,24,30
InteractablePen,Blur,garage,TRUE,24,31
LightSwitch,popup,open,TRUE,24,32
InteractablePen,popup,party,TRUE,24,33
PlantSelector,red,normal,TRUE,24,34
LightSwitch,Blur,party,TRUE,24,35
Frame,scaleDown,normal,TRUE,24,36
InteractablePen,red,open,TRUE,24,37
LightSwitch,no_warning,garage,TRUE,24,38
PlantSelector,scaleDown,open,TRUE,24,39
Frame,Blur,garage,TRUE,24,40
PlantSelector,Blur,party,TRUE,24,41
LightSwitch,Blur,normal,TRUE,24,42
Frame,red,party,TRUE,24,43
InteractablePen,scaleDown,normal,TRUE,24,44
PlantSelector,popup,garage,TRUE,24,45
Frame,no_warning,open,TRUE,24,46
InteractablePen,red,garage,TRUE,24,47
LightSwitch,scaleDown,open,TRUE,24,48
InteractablePen,scaleDown,party,TRUE,24,49
PlantSelector,no_warning,normal,TRUE,24,50
LightSwitch,red,party,TRUE,24,51
Frame,popup,normal,TRUE,24,52
InteractablePen,scaleDown,open,TRUE,24,53
LightSwitch,Blur,garage,TRUE,24,54
PlantSelector,no_warning,open,TRUE,24,55
Frame,no_warning,garage,TRUE,24,56
PlantSelector,popup,party,TRUE,24,57
LightSwitch,scaleDown,normal,TRUE,24,58
Frame,no_warning,party,TRUE,24,59
InteractablePen,popup,normal,TRUE,24,60
PlantSelector,red,garage,TRUE,24,61
Frame,Blur,open,TRUE,24,62
InteractablePen,popup,garage,TRUE,24,63
LightSwitch,no_warning,open,TRUE,24,64
InteractablePen,Blur,party,TRUE,24,65
PlantSelector,Blur,normal,TRUE,24,66
LightSwitch,scaleDown,party,TRUE,24,67
Frame,no_warning,normal,TRUE,24,68
InteractablePen,no_warning,open,TRUE,24,69
LightSwitch,scaleDown,garage,TRUE,24,70
PlantSelector,red,open,TRUE,24,71
Frame,popup,garage,TRUE,24,72
PlantSelector,scaleDown,party,TRUE,24,73
LightSwitch,no_warning,normal,TRUE,24,74
Frame,popup,party,TRUE,24,75
InteractablePen,no_warning,normal,TRUE,24,76
PlantSelector,scaleDown,garage,TRUE,24,77
Frame,scaleDown,open,TRUE,24,78
InteractablePen,scaleDown,garage,TRUE,24,79
LightSwitch,red,open,TRUE,24,80
InteractablePen,Blur,garage,TRUE,25,1
LightSwitch,popup,open,TRUE,25,2
InteractablePen,popup,party,TRUE,25,3
PlantSelector,red,normal,TRUE,25,4
LightSwitch,Blur,party,TRUE,25,5
Frame,scaleDown,normal,TRUE,25,6
InteractablePen,red,open,TRUE,25,7
LightSwitch,no_warning,garage,TRUE,25,8
PlantSelector,scaleDown,open,TRUE,25,9
Frame,Blur,garage,TRUE,25,10
PlantSelector,Blur,party,TRUE,25,11
LightSwitch,Blur,normal,TRUE,25,12
Frame,red,party,TRUE,25,13
InteractablePen,scaleDown,normal,FALSE,25,14
PlantSelector,popup,garage,TRUE,25,15
Frame,no_warning,open,TRUE,25,16
InteractablePen,red,garage,TRUE,25,17
LightSwitch,scaleDown,open,TRUE,25,18
InteractablePen,scaleDown,party,FALSE,25,19
PlantSelector,no_warning,normal,TRUE,25,20
LightSwitch,red,party,TRUE,25,21
Frame,popup,normal,TRUE,25,22
InteractablePen,scaleDown,open,TRUE,25,23
LightSwitch,Blur,garage,TRUE,25,24
PlantSelector,no_warning,open,TRUE,25,25
Frame,no_warning,garage,TRUE,25,26
PlantSelector,popup,party,FALSE,25,27
LightSwitch,scaleDown,normal,TRUE,25,28
Frame,no_warning,party,TRUE,25,29
InteractablePen,popup,normal,TRUE,25,30
PlantSelector,red,garage,TRUE,25,31
Frame,Blur,open,TRUE,25,32
InteractablePen,popup,garage,TRUE,25,33
LightSwitch,no_warning,open,TRUE,25,34
InteractablePen,Blur,party,FALSE,25,35
PlantSelector,Blur,normal,TRUE,25,36
LightSwitch,scaleDown,party,FALSE,25,37
Frame,no_warning,normal,TRUE,25,38
InteractablePen,no_warning,open,TRUE,25,39
LightSwitch,scaleDown,garage,TRUE,25,40
PlantSelector,red,open,TRUE,25,41
Frame,popup,garage,TRUE,25,42
PlantSelector,scaleDown,party,TRUE,25,43
LightSwitch,no_warning,normal,TRUE,25,44
Frame,popup,party,TRUE,25,45
InteractablePen,no_warning,normal,TRUE,25,46
PlantSelector,scaleDown,garage,TRUE,25,47
Frame,scaleDown,open,FALSE,25,48
InteractablePen,scaleDown,garage,FALSE,25,49
LightSwitch,red,open,TRUE,25,50
InteractablePen,red,party,FALSE,25,51
PlantSelector,scaleDown,normal,TRUE,25,52
LightSwitch,popup,party,TRUE,25,53
Frame,red,normal,FALSE,25,54
InteractablePen,Blur,open,FALSE,25,55
LightSwitch,red,garage,TRUE,25,56
PlantSelector,popup,open,TRUE,25,57
Frame,scaleDown,garage,FALSE,25,58
PlantSelector,no_warning,party,TRUE,25,59
LightSwitch,popup,normal,FALSE,25,60
Frame,Blur,party,TRUE,25,61
InteractablePen,red,normal,TRUE,25,62
PlantSelector,Blur,garage,FALSE,25,63
Frame,popup,open,TRUE,25,64
InteractablePen,no_warning,garage,FALSE,25,65
LightSwitch,Blur,open,TRUE,25,66
InteractablePen,no_warning,party,FALSE,25,67
PlantSelector,popup,normal,TRUE,25,68
LightSwitch,no_warning,party,TRUE,25,69
Frame,Blur,normal,TRUE,25,70
InteractablePen,popup,open,TRUE,25,71
LightSwitch,popup,garage,FALSE,25,72
PlantSelector,Blur,open,TRUE,25,73
Frame,red,garage,FALSE,25,74
PlantSelector,red,party,FALSE,25,75
LightSwitch,red,normal,TRUE,25,76
Frame,scaleDown,party,FALSE,25,77
InteractablePen,Blur,normal,TRUE,25,78
PlantSelector,no_warning,garage,TRUE,25,79
Frame,red,open,FALSE,25,80